Block Type,96-Well 0.1-mL Block,,,,,,,,,,,,,,,,,,,,,,,,,,,,,,,,,,,
Calibration Background is expired ,No,,,,,,,,,,,,,,,,,,,,,,,,,,,,,,,,,,,
Calibration Background performed on,12-18-2023,,,,,,,,,,,,,,,,,,,,,,,,,,,,,,,,,,,
Calibration Pure Dye ABY is expired,No,,,,,,,,,,,,,,,,,,,,,,,,,,,,,,,,,,,
Calibration Pure Dye ABY performed on,12-18-2023,,,,,,,,,,,,,,,,,,,,,,,,,,,,,,,,,,,
Calibration Pure Dye FAM is expired,No,,,,,,,,,,,,,,,,,,,,,,,,,,,,,,,,,,,
Calibration Pure Dye FAM performed on,12-18-2023,,,,,,,,,,,,,,,,,,,,,,,,,,,,,,,,,,,
Calibration Pure Dye JUN is expired,No,,,,,,,,,,,,,,,,,,,,,,,,,,,,,,,,,,,
Calibration Pure Dye JUN performed on,12-18-2023,,,,,,,,,,,,,,,,,,,,,,,,,,,,,,,,,,,
Calibration Pure Dye NED is expired,No,,,,,,,,,,,,,,,,,,,,,,,,,,,,,,,,,,,
Calibration Pure Dye NED performed on,12-18-2023,,,,,,,,,,,,,,,,,,,,,,,,,,,,,,,,,,,
Calibration Pure Dye ROX is expired,No,,,,,,,,,,,,,,,,,,,,,,,,,,,,,,,,,,,
Calibration Pure Dye ROX performed on,12-18-2023,,,,,,,,,,,,,,,,,,,,,,,,,,,,,,,,,,,
Calibration Pure Dye SYBR is expired,No,,,,,,,,,,,,,,,,,,,,,,,,,,,,,,,,,,,
Calibration Pure Dye SYBR performed on,12-18-2023,,,,,,,,,,,,,,,,,,,,,,,,,,,,,,,,,,,
Calibration Pure Dye TAMRA is expired,No,,,,,,,,,,,,,,,,,,,,,,,,,,,,,,,,,,,
Calibration Pure Dye TAMRA performed on,12-18-2023,,,,,,,,,,,,,,,,,,,,,,,,,,,,,,,,,,,
Calibration Pure Dye VIC is expired,No,,,,,,,,,,,,,,,,,,,,,,,,,,,,,,,,,,,
Calibration Pure Dye VIC performed on,12-18-2023,,,,,,,,,,,,,,,,,,,,,,,,,,,,,,,,,,,
Calibration ROI is expired ,No,,,,,,,,,,,,,,,,,,,,,,,,,,,,,,,,,,,
Calibration ROI performed on,12-18-2023,,,,,,,,,,,,,,,,,,,,,,,,,,,,,,,,,,,
Calibration Uniformity is expired ,No,,,,,,,,,,,,,,,,,,,,,,,,,,,,,,,,,,,
Calibration Uniformity performed on,12-18-2023,,,,,,,,,,,,,,,,,,,,,,,,,,,,,,,,,,,
Chemistry,SYBR_GREEN,,,,,,,,,,,,,,,,,,,,,,,,,,,,,,,,,,,
Date Created,2024-02-08 11:17:14 AM EST,,,,,,,,,,,,,,,,,,,,,,,,,,,,,,,,,,,
Experiment Barcode,,,,,,,,,,,,,,,,,,,,,,,,,,,,,,,,,,,,
Experiment Comment,,,,,,,,,,,,,,,,,,,,,,,,,,,,,,,,,,,,
Experiment File Name,D:\Applied Biosystems\QuantStudio Design & Analysis Software\User Files\experiments\Rich\CRIIApal_2022\Rerun\ReRuns_ApalCbass_ApalAGF_01.eds,,,,,,,,,,,,,,,,,,,,,,,,,,,,,,,,,,,
Experiment Name,ReRuns_ApalCbass_ApalAGF_01,,,,,,,,,,,,,,,,,,,,,,,,,,,,,,,,,,,
Experiment Run End Time,2024-02-08 11:17:22 AM EST,,,,,,,,,,,,,,,,,,,,,,,,,,,,,,,,,,,
Experiment Type,Standard Curve,,,,,,,,,,,,,,,,,,,,,,,,,,,,,,,,,,,
Instrument Name,      172310454,,,,,,,,,,,,,,,,,,,,,,,,,,,,,,,,,,,
Instrument Serial Number,172310454,,,,,,,,,,,,,,,,,,,,,,,,,,,,,,,,,,,
Instrument Type,QuantStudio™ 3 System,,,,,,,,,,,,,,,,,,,,,,,,,,,,,,,,,,,
Passive Reference,ROX,,,,,,,,,,,,,,,,,,,,,,,,,,,,,,,,,,,
Post-read Stage/Step,,,,,,,,,,,,,,,,,,,,,,,,,,,,,,,,,,,,
Pre-read Stage/Step,,,,,,,,,,,,,,,,,,,,,,,,,,,,,,,,,,,,
Quantification Cycle Method,Ct,,,,,,,,,,,,,,,,,,,,,,,,,,,,,,,,,,,
Signal Smoothing On,true,,,,,,,,,,,,,,,,,,,,,,,,,,,,,,,,,,,
Stage where Melt Analysis is performed,Stage3,,,,,,,,,,,,,,,,,,,,,,,,,,,,,,,,,,,
Stage/ Cycle where Ct Analysis is performed,"Stage2, Step2",,,,,,,,,,,,,,,,,,,,,,,,,,,,,,,,,,,
User Name,,,,,,,,,,,,,,,,,,,,,,,,,,,,,,,,,,,,
,,,,,,,,,,,,,,,,,,,,,,,,,,,,,,,,,,,,
Well,Well Position,Omit,Sample Name,Target Name,Task,Reporter,Quencher,CT,Ct Mean,Ct SD,Quantity,Quantity Mean,Quantity SD,Y-Intercept,R(superscript 2),Slope,Efficiency,Automatic Ct Threshold,Ct Threshold,Automatic Baseline,Baseline Start,Baseline End,Amp Status,Comments,Cq Conf,Rn (last cycle),Delta Rn (last cycle),Tm1,Tm2,Tm3,Tm4,CQCONF,EXPFAIL,HIGHSD,MTP,NOAMP
1,A1,FALSE,+,Apal,UNKNOWN,SYBR,None,27.382,27.656,0.388,,,,,,,,FALSE,0.100,TRUE,3,24,Amp,,0.959,4.753,4.271,75.414,,,,N,N,N,N,N
2,A2,FALSE,+,A,UNKNOWN,SYBR,None,14.830,14.774,0.079,,,,,,,,FALSE,0.100,TRUE,3,12,Amp,,0.986,5.493,4.849,87.998,,,,N,N,N,N,N
3,A3,FALSE,Cr2_Apal_30_9_re,Apal,UNKNOWN,SYBR,None,21.532,21.594,0.087,,,,,,,,FALSE,0.100,TRUE,3,18,Amp,,0.960,4.734,4.163,75.691,,,,N,N,N,N,N
4,A4,FALSE,Cr2_Apal_30_9_re,A,UNKNOWN,SYBR,None,20.864,20.931,0.095,,,,,,,,FALSE,0.100,TRUE,3,17,Amp,,0.962,5.115,4.664,88.129,,,,N,N,N,N,N
5,A5,FALSE,Cr2_Apal_30_9_re,Apal,UNKNOWN,SYBR,None,21.656,21.594,0.087,,,,,,,,FALSE,0.100,TRUE,3,18,Amp,,0.960,4.576,4.094,75.544,,,,N,N,N,N,N
6,A6,FALSE,Cr2_Apal_30_9_re,A,UNKNOWN,SYBR,None,20.998,20.931,0.095,,,,,,,,FALSE,0.100,TRUE,3,17,Amp,,0.964,5.093,4.624,87.837,,,,N,N,N,N,N
7,A7,FALSE,Cr2_Apal_30_15_re,Apal,UNKNOWN,SYBR,None,20.775,20.881,0.150,,,,,,,,FALSE,0.100,TRUE,3,17,Amp,,0.958,4.895,4.340,75.554,,,,N,N,N,N,N
8,A8,FALSE,Cr2_Apal_30_15_re,A,UNKNOWN,SYBR,None,19.936,20.082,0.206,,,,,,,,FALSE,0.100,TRUE,3,16,Amp,,0.964,5.214,4.711,87.855,,,,N,N,N,N,N
9,A9,FALSE,Cr2_Apal_30_15_re,Apal,UNKNOWN,SYBR,None,20.987,20.881,0.150,,,,,,,,FALSE,0.100,TRUE,3,17,Amp,,0.958,4.860,4.338,75.709,,,,N,N,N,N,N
10,A10,FALSE,Cr2_Apal_30_15_re,A,UNKNOWN,SYBR,None,20.228,20.082,0.206,,,,,,,,FALSE,0.100,TRUE,3,16,Amp,,0.961,5.431,4.910,88.162,,,,N,N,N,N,N
11,A11,FALSE,NTC,Apal,UNKNOWN,SYBR,None,Undetermined,,,,,,,,,,FALSE,0.100,TRUE,3,33,No Amp,,0.000,0.468,-0.001,65.659,82.208,76.833,88.290,Y,N,N,Y,N
12,A12,FALSE,NTC,A,UNKNOWN,SYBR,None,Undetermined,,,,,,,,,,FALSE,0.100,TRUE,3,12,No Amp,,0.000,0.664,-0.058,88.290,68.771,74.570,82.066,Y,N,N,Y,N
13,B1,FALSE,Cr2_Apal_30_20_re,Apal,UNKNOWN,SYBR,None,22.519,22.573,0.076,,,,,,,,FALSE,0.100,TRUE,3,19,Amp,,0.947,5.005,4.132,75.414,,,,N,N,N,N,N
14,B2,FALSE,Cr2_Apal_30_20_re,A,UNKNOWN,SYBR,None,19.714,19.844,0.185,,,,,,,,FALSE,0.100,TRUE,3,16,Amp,,0.966,5.017,4.515,87.856,,,,N,N,N,N,N
15,B3,FALSE,Cr2_Apal_30_20_re,Apal,UNKNOWN,SYBR,None,22.627,22.573,0.076,,,,,,,,FALSE,0.100,TRUE,3,18,Amp,,0.956,4.576,4.081,75.550,,,,N,N,N,N,N
16,B4,FALSE,Cr2_Apal_30_20_re,A,UNKNOWN,SYBR,None,19.975,19.844,0.185,,,,,,,,FALSE,0.100,TRUE,3,16,Amp,,0.966,5.267,4.692,87.987,,,,N,N,N,N,N
17,B5,FALSE,Cr2_Apal_30_23_re,Apal,UNKNOWN,SYBR,None,21.489,21.607,0.168,,,,,,,,FALSE,0.100,TRUE,3,18,Amp,,0.966,4.917,4.438,75.403,,,,N,N,N,N,N
18,B6,FALSE,Cr2_Apal_30_23_re,A,UNKNOWN,SYBR,None,20.535,20.547,0.017,,,,,,,,FALSE,0.100,TRUE,3,17,Amp,,0.925,5.075,4.402,87.837,,,,N,N,N,N,N
19,B7,FALSE,Cr2_Apal_30_23_re,Apal,UNKNOWN,SYBR,None,21.726,21.607,0.168,,,,,,,,FALSE,0.100,TRUE,3,17,Amp,,0.910,4.785,4.343,75.413,,,,N,N,N,N,N
20,B8,FALSE,Cr2_Apal_30_23_re,A,UNKNOWN,SYBR,None,20.559,20.547,0.017,,,,,,,,FALSE,0.100,TRUE,3,16,Amp,,0.972,5.351,4.868,87.855,,,,N,N,N,N,N
21,B9,FALSE,Cr2_Apal_30_82_re,Apal,UNKNOWN,SYBR,None,16.970,17.216,0.348,,,,,,,,FALSE,0.100,TRUE,3,11,Amp,,0.816,4.910,3.481,75.567,,,,N,N,N,N,N
22,B10,FALSE,Cr2_Apal_30_82_re,A,UNKNOWN,SYBR,None,21.135,21.194,0.084,,,,,,,,FALSE,0.100,TRUE,3,16,Amp,,0.720,6.055,4.576,88.020,,,,Y,N,N,N,N
23,B11,FALSE,Cr2_Apal_30_82_re,Apal,UNKNOWN,SYBR,None,17.462,17.216,0.348,,,,,,,,FALSE,0.100,TRUE,3,11,Amp,,0.892,4.984,3.637,75.560,,,,N,N,N,N,N
24,B12,FALSE,Cr2_Apal_30_82_re,A,UNKNOWN,SYBR,None,21.253,21.194,0.084,,,,,,,,FALSE,0.100,TRUE,3,16,Amp,,0.783,5.768,4.414,87.865,,,,Y,N,N,N,N
25,C1,FALSE,Cr2_Apal_30_84_re,Apal,UNKNOWN,SYBR,None,15.973,16.877,1.278,,,,,,,,FALSE,0.100,TRUE,3,10,Amp,,0.481,5.029,3.095,75.272,,,,Y,N,Y,N,N
26,C2,FALSE,Cr2_Apal_30_84_re,A,UNKNOWN,SYBR,None,19.894,20.846,1.346,,,,,,,,FALSE,0.100,TRUE,3,15,Amp,,0.568,5.032,3.623,87.574,,,,Y,N,Y,N,N
27,C3,FALSE,Cr2_Apal_30_84_re,Apal,UNKNOWN,SYBR,None,17.780,16.877,1.278,,,,,,,,FALSE,0.100,TRUE,3,12,Amp,,0.725,4.764,3.337,75.550,,,,Y,N,Y,N,N
28,C4,FALSE,Cr2_Apal_30_84_re,A,UNKNOWN,SYBR,None,21.798,20.846,1.346,,,,,,,,FALSE,0.100,TRUE,3,17,Amp,,0.936,5.329,4.589,87.846,,,,N,N,Y,N,N
29,C5,FALSE,Cr2_Apal_30_91_re,Apal,UNKNOWN,SYBR,None,25.641,25.807,0.236,,,,,,,,FALSE,0.100,TRUE,3,21,Amp,,0.969,4.436,3.989,75.261,,,,N,N,N,N,N
30,C6,FALSE,Cr2_Apal_30_91_re,A,UNKNOWN,SYBR,None,25.422,25.310,0.159,,,,,,,,FALSE,0.100,TRUE,3,21,Amp,,0.975,5.138,4.725,87.696,,,,N,N,N,N,N
31,C7,FALSE,Cr2_Apal_30_91_re,Apal,UNKNOWN,SYBR,None,25.974,25.807,0.236,,,,,,,,FALSE,0.100,TRUE,3,22,Amp,,0.972,4.659,4.218,75.271,,,,N,N,N,N,N
32,C8,FALSE,Cr2_Apal_30_91_re,A,UNKNOWN,SYBR,None,25.198,25.310,0.159,,,,,,,,FALSE,0.100,TRUE,3,21,Amp,,0.956,5.346,4.782,87.855,,,,N,N,N,N,N
33,C9,FALSE,Cr2_Apal_30_93_re,Apal,UNKNOWN,SYBR,None,29.088,28.963,0.177,,,,,,,,FALSE,0.100,TRUE,3,25,Amp,,0.969,4.337,3.878,75.284,,,,N,N,N,N,N
34,C10,FALSE,Cr2_Apal_30_93_re,A,UNKNOWN,SYBR,None,27.223,27.341,0.167,,,,,,,,FALSE,0.100,TRUE,3,23,Amp,,0.972,5.643,5.072,87.879,,,,N,N,N,N,N
35,C11,FALSE,Cr2_Apal_30_93_re,Apal,UNKNOWN,SYBR,None,28.839,28.963,0.177,,,,,,,,FALSE,0.100,TRUE,3,24,Amp,,0.971,4.251,3.820,75.277,,,,N,N,N,N,N
36,C12,FALSE,Cr2_Apal_30_93_re,A,UNKNOWN,SYBR,None,27.458,27.341,0.167,,,,,,,,FALSE,0.100,TRUE,3,22,Amp,,0.974,5.736,5.311,87.865,,,,N,N,N,N,N
37,D1,FALSE,SDS_NEC_01,Apal,UNKNOWN,SYBR,None,34.711,34.711,,,,,,,,,FALSE,0.100,TRUE,3,30,Inconclusive,,0.944,2.232,1.757,74.565,,,,N,N,N,N,N
38,D2,FALSE,NTC,A,UNKNOWN,SYBR,None,Undetermined,,,,,,,,,,FALSE,0.100,TRUE,3,39,No Amp,,0.000,0.627,-0.005,91.250,84.321,76.828,68.768,Y,Y,N,Y,N
39,D3,FALSE,Cr2_Apal_30_105_re,Apal,UNKNOWN,SYBR,None,17.096,16.955,0.199,,,,,,,,FALSE,0.100,TRUE,3,12,Amp,,0.671,4.823,3.554,75.408,,,,Y,N,N,N,N
40,D4,FALSE,Cr2_Apal_30_105_re,A,UNKNOWN,SYBR,None,20.620,20.811,0.271,,,,,,,,FALSE,0.100,TRUE,3,16,Amp,,0.755,5.263,4.123,87.705,,,,Y,N,N,N,N
41,D5,FALSE,Cr2_Apal_30_105_re,Apal,UNKNOWN,SYBR,None,16.814,16.955,0.199,,,,,,,,FALSE,0.100,TRUE,3,11,Amp,,0.595,4.846,3.578,75.261,,,,Y,N,N,N,N
42,D6,FALSE,Cr2_Apal_30_105_re,A,UNKNOWN,SYBR,None,21.003,20.811,0.271,,,,,,,,FALSE,0.100,TRUE,3,16,Amp,,0.808,5.301,4.216,87.554,,,,N,N,N,N,N
43,D7,FALSE,Cr2_Apal_30_122_re,Apal,UNKNOWN,SYBR,None,18.051,18.252,0.284,,,,,,,,FALSE,0.100,TRUE,3,12,Amp,,0.747,4.806,3.737,75.413,,,,Y,N,N,N,N
44,D8,FALSE,Cr2_Apal_30_122_re,A,UNKNOWN,SYBR,None,18.631,19.285,0.925,,,,,,,,FALSE,0.100,TRUE,3,14,Amp,,0.715,5.435,4.429,87.714,,,,Y,N,Y,N,N
45,D9,FALSE,Cr2_Apal_30_122_re,Apal,UNKNOWN,SYBR,None,18.453,18.252,0.284,,,,,,,,FALSE,0.100,TRUE,3,14,Amp,,0.878,4.845,3.891,75.567,,,,N,N,N,N,N
46,D10,FALSE,Cr2_Apal_30_122_re,A,UNKNOWN,SYBR,None,19.939,19.285,0.925,,,,,,,,FALSE,0.100,TRUE,3,15,Amp,,0.960,5.821,5.038,87.737,,,,N,N,Y,N,N
47,D11,FALSE,SDS_NEC_01,Apal,UNKNOWN,SYBR,None,Undetermined,34.711,,,,,,,,,FALSE,0.100,TRUE,3,39,No Amp,,0.000,0.393,-0.003,90.977,87.582,71.882,65.659,Y,Y,N,Y,N
48,D12,FALSE,+,A,UNKNOWN,SYBR,None,14.718,14.774,0.079,,,,,,,,FALSE,0.100,TRUE,3,11,Amp,,0.989,6.074,5.536,87.441,,,,N,N,N,N,N
49,E1,FALSE,ApP_T0_R200_RE,Apal,UNKNOWN,SYBR,None,20.762,20.855,0.132,,,,,,,,FALSE,0.100,TRUE,3,17,Amp,,0.969,4.703,4.206,74.990,,,,N,N,N,N,N
50,E2,FALSE,ApP_T0_R200_RE,A_fam,UNKNOWN,FAM,NFQ-MGB,Undetermined,,,,,,,,,,FALSE,0.100,TRUE,3,39,No Amp,,0.000,1.387,-0.005,74.424,89.977,92.946,78.949,Y,Y,N,Y,N
51,E3,FALSE,ApP_T0_R200_RE,C,UNKNOWN,VIC,NFQ-MGB,Undetermined,,,,,,,,,,FALSE,0.100,TRUE,3,39,No Amp,,0.000,0.577,-0.003,74.843,71.168,,,Y,Y,N,Y,N
51,E3,FALSE,ApP_T0_R200_RE,D,UNKNOWN,FAM,NFQ-MGB,26.974,26.983,0.013,,,,,,,,FALSE,0.100,TRUE,3,22,Amp,,0.948,3.993,2.437,0.000,,,,N,N,N,N,N
52,E4,FALSE,ApP_T2_R218_RE,Apal,UNKNOWN,SYBR,None,31.724,31.975,0.355,,,,,,,,FALSE,0.100,TRUE,3,27,Amp,,0.962,3.651,3.198,75.126,,,,N,N,N,N,N
53,E5,FALSE,ApP_T2_R218_RE,A_fam,UNKNOWN,FAM,NFQ-MGB,Undetermined,33.546,,,,,,,,,FALSE,0.100,TRUE,3,35,No Amp,,0.000,1.406,0.023,92.217,74.413,89.815,,Y,N,N,Y,N
54,E6,FALSE,ApP_T2_R218_RE,C,UNKNOWN,VIC,NFQ-MGB,Undetermined,,,,,,,,,,FALSE,0.100,TRUE,3,39,No Amp,,0.000,0.573,-0.007,75.403,91.793,68.620,65.935,Y,Y,N,Y,N
54,E6,FALSE,ApP_T2_R218_RE,D,UNKNOWN,FAM,NFQ-MGB,Undetermined,,,,,,,,,,FALSE,0.100,TRUE,3,39,No Amp,,0.000,1.541,-0.009,0.000,,,,Y,Y,N,N,N
55,E7,FALSE,ApP_T2_R218_RE,Apal,UNKNOWN,SYBR,None,32.226,31.975,0.355,,,,,,,,FALSE,0.100,TRUE,3,28,Amp,,0.964,3.640,3.174,74.989,,,,N,N,N,N,N
56,E8,FALSE,ApP_T2_R218_RE,A_fam,UNKNOWN,FAM,NFQ-MGB,33.546,33.546,,,,,,,,,FALSE,0.100,TRUE,3,29,Amp,,0.889,2.870,1.451,90.683,75.130,,,N,N,N,Y,N
57,E9,FALSE,ApP_T2_R218_RE,C,UNKNOWN,VIC,NFQ-MGB,Undetermined,,,,,,,,,,FALSE,0.100,TRUE,3,39,No Amp,,0.000,0.576,-0.006,74.011,78.681,68.633,,Y,Y,N,Y,N
57,E9,FALSE,ApP_T2_R218_RE,D,UNKNOWN,FAM,NFQ-MGB,Undetermined,,,,,,,,,,FALSE,0.100,TRUE,3,39,No Amp,,0.000,1.541,-0.006,0.000,,,,Y,Y,N,N,N
58,E10,FALSE,NTC,Apal,UNKNOWN,SYBR,None,Undetermined,,,,,,,,,,FALSE,0.100,TRUE,3,39,No Amp,,0.000,0.394,-0.006,80.096,89.860,75.426,93.115,Y,Y,N,Y,Y
59,E11,FALSE,NTC,A_fam,UNKNOWN,FAM,NFQ-MGB,Undetermined,,,,,,,,,,FALSE,0.100,TRUE,3,39,No Amp,,0.000,1.870,-0.016,73.721,77.682,92.816,88.007,Y,Y,N,Y,N
60,E12,FALSE,NTC,C,UNKNOWN,VIC,NFQ-MGB,Undetermined,,,,,,,,,,FALSE,0.100,TRUE,3,39,No Amp,,0.000,0.851,-0.009,73.721,88.007,65.942,,Y,Y,N,Y,N
60,E12,FALSE,NTC,D,UNKNOWN,FAM,NFQ-MGB,Undetermined,,,,,,,,,,FALSE,0.100,TRUE,3,39,No Amp,,0.000,1.382,-0.006,0.000,,,,Y,Y,N,N,N
61,F1,FALSE,ApP_T2_R224_RE,Apal,UNKNOWN,SYBR,None,30.269,30.759,0.693,,,,,,,,FALSE,0.100,TRUE,3,26,Amp,,0.972,4.080,3.643,74.707,,,,N,N,Y,N,N
62,F2,FALSE,ApP_T2_R224_RE,A_fam,UNKNOWN,FAM,NFQ-MGB,Undetermined,,,,,,,,,,FALSE,0.100,TRUE,3,39,No Amp,,0.000,1.401,-0.003,75.131,90.401,82.342,71.030,Y,Y,N,Y,N
63,F3,FALSE,ApP_T2_R224_RE,C,UNKNOWN,VIC,NFQ-MGB,Undetermined,,,,,,,,,,FALSE,0.100,TRUE,3,39,No Amp,,0.000,0.575,-0.006,74.843,83.888,63.819,68.059,Y,Y,N,Y,N
63,F3,FALSE,ApP_T2_R224_RE,D,UNKNOWN,FAM,NFQ-MGB,Undetermined,,,,,,,,,,FALSE,0.100,TRUE,3,39,No Amp,,0.000,1.536,-0.007,0.000,,,,Y,Y,N,N,N
64,F4,FALSE,ApP_T2_R224_RE,Apal,UNKNOWN,SYBR,None,31.249,30.759,0.693,,,,,,,,FALSE,0.100,TRUE,3,27,Amp,,0.967,3.868,3.439,74.984,,,,N,N,Y,N,N
65,F5,FALSE,ApP_T2_R224_RE,A_fam,UNKNOWN,FAM,NFQ-MGB,Undetermined,,,,,,,,,,FALSE,0.100,TRUE,3,34,No Amp,,0.000,1.380,0.007,90.804,70.457,74.979,,Y,N,N,Y,Y
66,F6,FALSE,ApP_T2_R224_RE,C,UNKNOWN,VIC,NFQ-MGB,Undetermined,,,,,,,,,,FALSE,0.100,TRUE,3,39,No Amp,,0.000,0.573,-0.006,76.109,63.675,71.446,,Y,Y,N,Y,N
66,F6,FALSE,ApP_T2_R224_RE,D,UNKNOWN,FAM,NFQ-MGB,Undetermined,,,,,,,,,,FALSE,0.100,TRUE,3,39,No Amp,,0.000,1.594,-0.008,0.000,,,,Y,Y,N,N,N
67,F7,FALSE,ApP_T2_R226_RE,Apal,UNKNOWN,SYBR,None,21.258,21.439,0.256,,,,,,,,FALSE,0.100,TRUE,3,17,Amp,,0.970,5.025,4.543,75.413,,,,N,N,N,N,N
68,F8,FALSE,ApP_T2_R226_RE,A_fam,UNKNOWN,FAM,NFQ-MGB,Undetermined,,,,,,,,,,FALSE,0.100,TRUE,3,39,No Amp,,0.000,1.439,-0.007,74.565,87.855,90.541,63.819,Y,Y,N,Y,N
69,F9,FALSE,ApP_T2_R226_RE,C,UNKNOWN,VIC,NFQ-MGB,Undetermined,,,,,,,,,,FALSE,0.100,TRUE,3,39,No Amp,,0.000,0.577,-0.003,74.294,87.879,68.209,,Y,Y,N,Y,Y
69,F9,FALSE,ApP_T2_R226_RE,D,UNKNOWN,FAM,NFQ-MGB,30.511,30.823,0.442,,,,,,,,FALSE,0.100,TRUE,3,25,Amp,,0.943,3.477,1.893,0.000,,,,N,N,N,N,N
70,F10,FALSE,ApP_T2_R226_RE,Apal,UNKNOWN,SYBR,None,21.620,21.439,0.256,,,,,,,,FALSE,0.100,TRUE,3,17,Amp,,0.973,4.815,4.348,75.284,,,,N,N,N,N,N
71,F11,FALSE,ApP_T2_R226_RE,A_fam,UNKNOWN,FAM,NFQ-MGB,Undetermined,,,,,,,,,,FALSE,0.100,TRUE,3,39,No Amp,,0.000,1.380,-0.009,74.853,88.148,67.498,84.046,Y,Y,N,Y,N
72,F12,FALSE,ApP_T2_R226_RE,C,UNKNOWN,VIC,NFQ-MGB,Undetermined,,,,,,,,,,FALSE,0.100,TRUE,3,39,No Amp,,0.000,0.580,-0.001,77.116,68.205,93.665,74.287,Y,Y,N,Y,Y
72,F12,FALSE,ApP_T2_R226_RE,D,UNKNOWN,FAM,NFQ-MGB,31.135,30.823,0.442,,,,,,,,FALSE,0.100,TRUE,3,27,Amp,,0.900,3.512,1.812,0.000,,,,N,N,N,N,N
73,G1,FALSE,ApP_T1_R166_RE,Apal,UNKNOWN,SYBR,None,20.251,20.585,0.472,,,,,,,,FALSE,0.100,TRUE,3,16,Amp,,0.971,4.847,4.340,74.990,,,,N,N,N,N,N
74,G2,FALSE,ApP_T1_R166_RE,A_fam,UNKNOWN,FAM,NFQ-MGB,Undetermined,,,,,,,,,,FALSE,0.100,TRUE,3,39,No Amp,,0.000,1.413,-0.011,76.403,90.684,82.342,68.061,Y,Y,N,Y,N
75,G3,FALSE,ApP_T1_R166_RE,C,UNKNOWN,VIC,NFQ-MGB,Undetermined,,,,,,,,,,FALSE,0.100,TRUE,3,39,No Amp,,0.000,0.581,-0.004,89.118,75.974,79.224,66.645,Y,Y,N,Y,N
75,G3,FALSE,ApP_T1_R166_RE,D,UNKNOWN,FAM,NFQ-MGB,30.016,31.042,1.450,,,,,,,,FALSE,0.100,TRUE,3,26,Amp,,0.934,3.550,1.954,0.000,,,,N,N,Y,N,N
76,G4,FALSE,ApP_T1_R166_RE,Apal,UNKNOWN,SYBR,None,20.918,20.585,0.472,,,,,,,,FALSE,0.100,TRUE,3,17,Amp,,0.956,4.900,4.371,75.267,,,,N,N,N,N,N
77,G5,FALSE,ApP_T1_R166_RE,A_fam,UNKNOWN,FAM,NFQ-MGB,Undetermined,,,,,,,,,,FALSE,0.100,TRUE,3,39,No Amp,,0.000,1.411,-0.008,73.707,68.196,84.163,90.946,Y,Y,N,Y,N
78,G6,FALSE,ApP_T1_R166_RE,C,UNKNOWN,VIC,NFQ-MGB,Undetermined,,,,,,,,,,FALSE,0.100,TRUE,3,39,No Amp,,0.000,0.584,-0.002,90.663,75.685,68.620,70.881,Y,Y,N,Y,Y
78,G6,FALSE,ApP_T1_R166_RE,D,UNKNOWN,FAM,NFQ-MGB,32.067,31.042,1.450,,,,,,,,FALSE,0.100,TRUE,3,28,Amp,,0.917,3.155,1.558,0.000,,,,N,N,Y,N,N
79,G7,FALSE,SDS_NEC_02,Apal,UNKNOWN,SYBR,None,33.767,33.767,,,,,,,,,FALSE,0.100,TRUE,3,30,Amp,,0.953,2.867,2.428,74.282,,,,N,N,N,N,N
80,G8,FALSE,NTC,A_fam,UNKNOWN,FAM,NFQ-MGB,Undetermined,,,,,,,,,,FALSE,0.100,TRUE,3,39,No Amp,,0.000,1.361,-0.006,74.706,77.675,88.279,67.212,Y,Y,N,Y,N
81,G9,FALSE,NTC,C,UNKNOWN,VIC,NFQ-MGB,Undetermined,,,,,,,,,,FALSE,0.100,TRUE,3,39,No Amp,,0.000,0.574,-0.007,74.294,88.869,66.794,83.209,Y,Y,N,Y,N
81,G9,FALSE,NTC,D,UNKNOWN,FAM,NFQ-MGB,Undetermined,,,,,,,,,,FALSE,0.100,TRUE,3,39,No Amp,,0.000,1.527,-0.006,0.000,,,,Y,Y,N,N,N
82,G10,FALSE,SDS_NEC_02,Apal,UNKNOWN,SYBR,None,Undetermined,33.767,,,,,,,,,FALSE,0.100,TRUE,3,39,No Amp,,0.000,0.421,-0.003,92.266,77.690,81.652,88.303,Y,Y,N,Y,N
83,G11,FALSE,NTC,A_fam,UNKNOWN,FAM,NFQ-MGB,Undetermined,,,,,,,,,,FALSE,0.100,TRUE,3,39,No Amp,,0.000,1.478,-0.003,77.257,92.109,88.573,83.481,Y,Y,N,Y,N
84,G12,FALSE,NTC,C,UNKNOWN,VIC,NFQ-MGB,Undetermined,,,,,,,,,,FALSE,0.100,TRUE,3,39,No Amp,,0.000,0.309,-0.004,75.701,90.128,69.195,83.481,Y,Y,N,Y,Y
84,G12,FALSE,NTC,D,UNKNOWN,FAM,NFQ-MGB,Undetermined,,,,,,,,,,FALSE,0.100,TRUE,3,39,No Amp,,0.000,1.398,-0.013,0.000,,,,Y,Y,N,N,N
85,H1,FALSE,ApP_T0_R200_RE,Apal,UNKNOWN,SYBR,None,20.948,20.855,0.132,,,,,,,,FALSE,0.100,TRUE,3,17,Amp,,0.963,4.846,4.234,74.848,,,,N,N,N,N,N
86,H2,FALSE,ApP_T0_R200_RE,A_fam,UNKNOWN,FAM,NFQ-MGB,Undetermined,,,,,,,,,,FALSE,0.100,TRUE,3,39,No Amp,,0.000,1.453,-0.004,65.799,74.283,82.342,88.422,Y,Y,N,Y,N
87,H3,FALSE,ApP_T0_R200_RE,C,UNKNOWN,VIC,NFQ-MGB,Undetermined,,,,,,,,,,FALSE,0.100,TRUE,3,39,No Amp,,0.000,0.583,-0.002,91.238,74.136,87.563,78.518,Y,Y,N,Y,Y
87,H3,FALSE,ApP_T0_R200_RE,D,UNKNOWN,FAM,NFQ-MGB,26.992,26.983,0.013,,,,,,,,FALSE,0.100,TRUE,3,23,Amp,,0.931,4.098,2.456,0.000,,,,N,N,N,N,N
88,H4,FALSE,ApP_T1_R224_RE,Apal,UNKNOWN,SYBR,None,20.451,20.492,0.058,,,,,,,,FALSE,0.100,TRUE,3,16,Amp,,0.963,4.936,4.411,75.267,,,,N,N,N,N,N
89,H5,FALSE,ApP_T1_R224_RE,A_fam,UNKNOWN,FAM,NFQ-MGB,33.302,32.921,0.539,,,,,,,,FALSE,0.100,TRUE,3,29,Amp,,0.899,2.944,1.386,73.990,91.087,70.316,,N,N,Y,Y,N
90,H6,FALSE,ApP_T1_R224_RE,C,UNKNOWN,VIC,NFQ-MGB,Undetermined,,,,,,,,,,FALSE,0.100,TRUE,3,39,No Amp,,0.000,0.582,-0.004,73.707,65.370,83.457,68.338,Y,Y,N,Y,Y
90,H6,FALSE,ApP_T1_R224_RE,D,UNKNOWN,FAM,NFQ-MGB,29.338,29.139,0.280,,,,,,,,FALSE,0.100,TRUE,3,25,Amp,,0.915,3.789,2.139,0.000,,,,N,N,N,N,N
91,H7,FALSE,ApP_T1_R224_RE,Apal,UNKNOWN,SYBR,None,20.533,20.492,0.058,,,,,,,,FALSE,0.100,TRUE,3,17,Amp,,0.962,4.645,4.124,75.130,,,,N,N,N,N,N
92,H8,FALSE,ApP_T1_R224_RE,A_fam,UNKNOWN,FAM,NFQ-MGB,32.540,32.921,0.539,,,,,,,,FALSE,0.100,TRUE,3,28,Amp,,0.923,3.099,1.708,68.061,74.847,90.966,79.513,N,N,Y,Y,N
93,H9,FALSE,ApP_T1_R224_RE,C,UNKNOWN,VIC,NFQ-MGB,Undetermined,,,,,,,,,,FALSE,0.100,TRUE,3,39,No Amp,,0.000,0.583,-0.004,64.954,91.417,69.907,73.020,Y,Y,N,Y,N
93,H9,FALSE,ApP_T1_R224_RE,D,UNKNOWN,FAM,NFQ-MGB,28.941,29.139,0.280,,,,,,,,FALSE,0.100,TRUE,3,24,Amp,,0.934,3.751,2.156,0.000,,,,N,N,N,N,N
94,H10,FALSE,+,Apal,UNKNOWN,SYBR,None,27.930,27.656,0.388,,,,,,,,FALSE,0.100,TRUE,3,24,Amp,,0.932,4.826,4.058,75.001,,,,N,N,N,N,N
95,H11,FALSE,+,A_fam,UNKNOWN,FAM,NFQ-MGB,18.125,18.125,,,,,,,,,FALSE,0.100,TRUE,3,14,Amp,,0.727,6.145,4.530,90.411,62.264,68.063,74.428,Y,N,N,Y,N
96,H12,FALSE,+,C,UNKNOWN,VIC,NFQ-MGB,23.453,23.453,,,,,,,,,FALSE,0.100,TRUE,3,18,Amp,,0.752,1.261,0.517,73.863,65.942,62.406,78.672,Y,N,N,Y,N
96,H12,FALSE,+,D,UNKNOWN,FAM,NFQ-MGB,16.589,16.589,,,,,,,,,FALSE,0.100,TRUE,3,12,Amp,,0.885,5.615,3.554,0.000,,,,N,N,N,N,N