Block Type,96-Well 0.1-mL Block,,,,,,,,,,,,,,,,,,,,,,,,,,,,,,,,,,,,,,,
Calibration Background is expired,No,,,,,,,,,,,,,,,,,,,,,,,,,,,,,,,,,,,,,,,
Calibration Background performed on,12-06-2022,,,,,,,,,,,,,,,,,,,,,,,,,,,,,,,,,,,,,,,
Calibration Pure Dye ABY is expired,No,,,,,,,,,,,,,,,,,,,,,,,,,,,,,,,,,,,,,,,
Calibration Pure Dye ABY performed on,12-06-2022,,,,,,,,,,,,,,,,,,,,,,,,,,,,,,,,,,,,,,,
Calibration Pure Dye FAM is expired,No,,,,,,,,,,,,,,,,,,,,,,,,,,,,,,,,,,,,,,,
Calibration Pure Dye FAM performed on,12-06-2022,,,,,,,,,,,,,,,,,,,,,,,,,,,,,,,,,,,,,,,
Calibration Pure Dye JUN is expired,No,,,,,,,,,,,,,,,,,,,,,,,,,,,,,,,,,,,,,,,
Calibration Pure Dye JUN performed on,12-06-2022,,,,,,,,,,,,,,,,,,,,,,,,,,,,,,,,,,,,,,,
Calibration Pure Dye NED is expired,No,,,,,,,,,,,,,,,,,,,,,,,,,,,,,,,,,,,,,,,
Calibration Pure Dye NED performed on,12-06-2022,,,,,,,,,,,,,,,,,,,,,,,,,,,,,,,,,,,,,,,
Calibration Pure Dye ROX is expired,No,,,,,,,,,,,,,,,,,,,,,,,,,,,,,,,,,,,,,,,
Calibration Pure Dye ROX performed on,12-06-2022,,,,,,,,,,,,,,,,,,,,,,,,,,,,,,,,,,,,,,,
Calibration Pure Dye SYBR is expired,No,,,,,,,,,,,,,,,,,,,,,,,,,,,,,,,,,,,,,,,
Calibration Pure Dye SYBR performed on,12-06-2022,,,,,,,,,,,,,,,,,,,,,,,,,,,,,,,,,,,,,,,
Calibration Pure Dye TAMRA is expired,No,,,,,,,,,,,,,,,,,,,,,,,,,,,,,,,,,,,,,,,
Calibration Pure Dye TAMRA performed on,12-06-2022,,,,,,,,,,,,,,,,,,,,,,,,,,,,,,,,,,,,,,,
Calibration Pure Dye VIC is expired,No,,,,,,,,,,,,,,,,,,,,,,,,,,,,,,,,,,,,,,,
Calibration Pure Dye VIC performed on,12-06-2022,,,,,,,,,,,,,,,,,,,,,,,,,,,,,,,,,,,,,,,
Calibration ROI is expired,No,,,,,,,,,,,,,,,,,,,,,,,,,,,,,,,,,,,,,,,
Calibration ROI performed on,12-06-2022,,,,,,,,,,,,,,,,,,,,,,,,,,,,,,,,,,,,,,,
Calibration Uniformity is expired,No,,,,,,,,,,,,,,,,,,,,,,,,,,,,,,,,,,,,,,,
Calibration Uniformity performed on,12-06-2022,,,,,,,,,,,,,,,,,,,,,,,,,,,,,,,,,,,,,,,
Chemistry,SYBR_GREEN,,,,,,,,,,,,,,,,,,,,,,,,,,,,,,,,,,,,,,,
Date Created,2023-10-17 09:48:55 AM EDT,,,,,,,,,,,,,,,,,,,,,,,,,,,,,,,,,,,,,,,
Experiment Barcode,,,,,,,,,,,,,,,,,,,,,,,,,,,,,,,,,,,,,,,,
Experiment Comment,C:\Applied Biosystems\QuantStudio Design & Analysis Software\User Files\Export\Rich\CR2Apal_June2022,,,,,,,,,,,,,,,,,,,,,,,,,,,,,,,,,,,,,,,
Experiment File Name,D:\Applied Biosystems\QuantStudio Design & Analysis Software\User Files\experiments\Rich\CRIIApal_2023\2022\RK_CR2Apal_36C_1_AD.eds,,,,,,,,,,,,,,,,,,,,,,,,,,,,,,,,,,,,,,,
Experiment Name,RK_CR2Apal_36C_1_AD,,,,,,,,,,,,,,,,,,,,,,,,,,,,,,,,,,,,,,,
Experiment Run End Time,2023-10-16 18:40:36 PM EDT,,,,,,,,,,,,,,,,,,,,,,,,,,,,,,,,,,,,,,,
Experiment Type,Standard Curve,,,,,,,,,,,,,,,,,,,,,,,,,,,,,,,,,,,,,,,
Instrument Name,172310454,,,,,,,,,,,,,,,,,,,,,,,,,,,,,,,,,,,,,,,
Instrument Serial Number,172310454,,,,,,,,,,,,,,,,,,,,,,,,,,,,,,,,,,,,,,,
Instrument Type,QuantStudioâ„¢ 3 System,,,,,,,,,,,,,,,,,,,,,,,,,,,,,,,,,,,,,,,
Passive Reference,ROX,,,,,,,,,,,,,,,,,,,,,,,,,,,,,,,,,,,,,,,
Post-read Stage/Step,,,,,,,,,,,,,,,,,,,,,,,,,,,,,,,,,,,,,,,,
Pre-read Stage/Step,,,,,,,,,,,,,,,,,,,,,,,,,,,,,,,,,,,,,,,,
Quantification Cycle Method,Ct,,,,,,,,,,,,,,,,,,,,,,,,,,,,,,,,,,,,,,,
Signal Smoothing On,true,,,,,,,,,,,,,,,,,,,,,,,,,,,,,,,,,,,,,,,
Stage where Melt Analysis is performed,Stage3,,,,,,,,,,,,,,,,,,,,,,,,,,,,,,,,,,,,,,,
Stage/ Cycle where Ct Analysis is performed,"Stage2, Step2",,,,,,,,,,,,,,,,,,,,,,,,,,,,,,,,,,,,,,,
User Name,,,,,,,,,,,,,,,,,,,,,,,,,,,,,,,,,,,,,,,,
,,,,,,,,,,,,,,,,,,,,,,,,,,,,,,,,,,,,,,,,
Well,Well Position,Omit,Sample Name,Target Name,Task,Reporter,Quencher,CT,Ct Mean,Ct SD,Quantity,Quantity Mean,Quantity SD,Y-Intercept,R(superscript 2),Slope,Efficiency,Automatic Ct Threshold,Ct Threshold,Automatic Baseline,Baseline Start,Baseline End,Amp Status,Comments,Cq Conf,CQCONF,EXPFAIL,HIGHSD,MTP,SPIKE,NOAMP,BADROX,Tm1,PRFLOW,Tm2,PRFDROP,Tm3,NOISE,DRNMIN,Tm4
1,A1,FALSE,+,Apal,UNKNOWN,SYBR,None,26.81660270690918,31.570426940917969,6.7229242324829102,,,,,,,,FALSE,0.01,TRUE,3,25,Amp,,0.62183282936784001,Y,N,Y,N,N,N,N,75.145515441894531,N,,N,,N,N,
2,A2,FALSE,+,A,UNKNOWN,FAM,NFQ-MGB,14.898468017578125,19.380132675170898,6.3380308151245117,,,,,,,,FALSE,0.01,TRUE,3,13,Amp,,0.22408142815045068,Y,N,Y,Y,N,N,N,88.186279296875,N,77.389083862304688,N,61.123184204101562,N,N,68.975692749023438
3,A3,FALSE,+,D,UNKNOWN,FAM,NFQ-MGB,13.660212516784668,13.725119590759277,0.091792464256286621,,,,,,,,FALSE,0.01,TRUE,3,12,Amp,,0.49894193428811734,Y,N,N,Y,N,N,N,88.867706298828125,N,67.987953186035156,N,74.574188232421875,N,N,82.421607971191406
4,A4,FALSE,CR2Apal_36C_108,Apal,UNKNOWN,SYBR,None,21.598382949829102,21.968822479248047,0.52387923002243042,,,,,,,,FALSE,0.01,TRUE,3,20,Amp,,0.40577128502226667,Y,N,Y,N,N,N,N,75.41497802734375,N,,N,,N,N,
5,A5,FALSE,CR2Apal_36C_108,A,UNKNOWN,FAM,NFQ-MGB,33.656219482421875,33.296176910400391,0.50917708873748779,,,,,,,,FALSE,0.01,TRUE,3,32,Inconclusive,,0.77533696581686362,Y,N,Y,Y,N,N,N,75.835678100585938,N,90.827964782714844,N,68.970046997070312,N,N,87.4652099609375
6,A6,FALSE,CR2Apal_36C_108,D,UNKNOWN,FAM,NFQ-MGB,33.077560424804688,32.29278564453125,1.1098364591598511,,,,,,,,FALSE,0.01,TRUE,3,32,Amp,,0.85175867639074831,N,N,Y,Y,N,N,N,75.835678100585938,N,88.866363525390625,N,79.198432922363281,N,N,91.948883056640625
7,A7,FALSE,CR2Apal_36C_108,Apal,UNKNOWN,SYBR,None,22.339260101318359,21.968822479248047,0.52387923002243042,,,,,,,,FALSE,0.01,TRUE,3,21,Amp,,0.52192163363032507,Y,N,Y,N,N,N,N,75.001106262207031,N,,N,,N,N,
8,A8,FALSE,CR2Apal_36C_108,A,UNKNOWN,FAM,NFQ-MGB,32.936134338378906,33.296176910400391,0.50917708873748779,,,,,,,,FALSE,0.01,TRUE,3,31,Inconclusive,,0.81400580510235598,N,N,Y,Y,N,N,N,75.702003479003906,N,93.084266662597656,N,70.795722961425781,N,N,
9,A9,FALSE,CR2Apal_36C_108,D,UNKNOWN,FAM,NFQ-MGB,31.508014678955078,32.29278564453125,1.1098364591598511,,,,,,,,FALSE,0.01,TRUE,3,30,Amp,,0.82293626715970214,N,N,Y,Y,N,N,N,75.016937255859375,N,91.014480590820312,N,65.053558349609375,N,N,87.786903381347656
10,A10,FALSE,NTC,Apal,UNKNOWN,SYBR,None,9.8756895065307617,10.015829086303711,0.19818796217441559,,,,,,,,FALSE,0.01,TRUE,3,7,No Amp,,0,Y,N,N,N,Y,N,N,85.822296142578125,Y,,Y,,Y,N,
11,A11,FALSE,NTC,A,UNKNOWN,FAM,NFQ-MGB,Undetermined,,,,,,,,,,FALSE,0.01,TRUE,3,26,No Amp,,0,Y,N,N,Y,N,N,N,88.332077026367188,N,76.2706298828125,N,68.416664123535156,N,N,82.862350463867188
12,A12,FALSE,NTC,D,UNKNOWN,FAM,NFQ-MGB,Undetermined,,,,,,,,,,FALSE,0.01,TRUE,3,39,No Amp,,0,Y,Y,N,Y,N,N,N,92.118812561035156,N,88.612579345703125,N,61.123695373535156,N,N,74.4473876953125
13,B1,FALSE,CR2Apal_36C_109,Apal,UNKNOWN,SYBR,None,18.683433532714844,18.876895904541016,0.27359575033187866,,,,,,,,FALSE,0.01,TRUE,3,17,Amp,,0.41973739713785846,Y,N,N,N,N,N,N,75.005294799804688,N,,N,,N,N,
14,B2,FALSE,CR2Apal_36C_109,A,UNKNOWN,FAM,NFQ-MGB,Undetermined,,,,,,,,,,FALSE,0.01,TRUE,3,39,No Amp,,0,Y,Y,N,Y,N,N,N,83.83935546875,N,91.972305297851562,N,80.754447937011719,N,N,76.828193664550781
15,B3,FALSE,CR2Apal_36C_109,D,UNKNOWN,FAM,NFQ-MGB,Undetermined,,,,,,,,,,FALSE,0.01,TRUE,3,39,No Amp,,0,Y,Y,N,Y,N,N,N,74.854446411132812,N,90.128890991210938,N,68.128089904785156,N,N,
16,B4,FALSE,CR2Apal_36C_109,Apal,UNKNOWN,SYBR,None,19.070356369018555,18.876895904541016,0.27359575033187866,,,,,,,,FALSE,0.01,TRUE,3,18,Amp,,0.54807864952335983,Y,N,N,N,N,N,N,75.134712219238281,N,,N,,N,N,
17,B5,FALSE,CR2Apal_36C_109,A,UNKNOWN,FAM,NFQ-MGB,Undetermined,,,,,,,,,,FALSE,0.01,TRUE,3,39,No Amp,,0,Y,Y,N,Y,N,N,N,90.827964782714844,N,76.396133422851562,N,60.843391418457031,N,N,
18,B6,FALSE,CR2Apal_36C_109,D,UNKNOWN,FAM,NFQ-MGB,Undetermined,,,,,,,,,,FALSE,0.01,TRUE,3,39,No Amp,,0,Y,Y,N,Y,N,Y,N,75.695564270019531,N,89.566932678222656,N,93.069808959960938,N,N,65.18695068359375
19,B7,FALSE,CR2Apal_36C_110,Apal,UNKNOWN,SYBR,None,23.160024642944336,22.880294799804688,0.39559638500213623,,,,,,,,FALSE,0.01,TRUE,3,22,Amp,,0.53264603613791506,Y,N,N,N,N,N,N,75.001106262207031,N,,N,,N,N,
20,B8,FALSE,CR2Apal_36C_110,A,UNKNOWN,FAM,NFQ-MGB,Undetermined,,,,,,,,,,FALSE,0.01,TRUE,3,39,No Amp,,0,Y,Y,N,Y,N,N,N,75.98236083984375,N,89.299423217773438,N,93.224441528320312,N,N,
21,B9,FALSE,CR2Apal_36C_110,D,UNKNOWN,FAM,NFQ-MGB,33.141529083251953,32.481918334960938,0.93282777070999146,,,,,,,,FALSE,0.01,TRUE,3,32,Amp,,0.86573283283065083,N,N,Y,Y,N,N,N,65.334213256835938,N,74.876609802246094,N,87.927230834960938,N,N,
22,B10,FALSE,CR2Apal_36C_110,Apal,UNKNOWN,SYBR,None,22.600566864013672,22.880294799804688,0.39559638500213623,,,,,,,,FALSE,0.01,TRUE,3,21,Amp,,0.50293397149406616,Y,N,N,N,N,N,N,75.157264709472656,N,,N,,N,N,
23,B11,FALSE,CR2Apal_36C_110,A,UNKNOWN,FAM,NFQ-MGB,Undetermined,,,,,,,,,,FALSE,0.01,TRUE,3,39,No Amp,,0,Y,Y,N,Y,N,N,N,90.435821533203125,N,86.929580688476562,N,82.441604614257812,N,N,77.25238037109375
24,B12,FALSE,CR2Apal_36C_110,D,UNKNOWN,FAM,NFQ-MGB,31.822311401367188,32.481918334960938,0.93282777070999146,,,,,,,,FALSE,0.01,TRUE,3,30,Amp,,0.87919612832285909,N,N,Y,Y,N,N,N,88.752822875976562,N,65.611679077148438,N,74.4473876953125,N,N,83.703849792480469
25,C1,FALSE,CR2Apal_36C_111,Apal,UNKNOWN,SYBR,None,20.190547943115234,20.052335739135742,0.19546157121658325,,,,,,,,FALSE,0.01,TRUE,3,19,Amp,,0.55305718758689659,Y,N,N,N,N,N,N,74.865066528320312,N,,N,,N,N,
26,C2,FALSE,CR2Apal_36C_111,A,UNKNOWN,FAM,NFQ-MGB,31.602535247802734,32.831108093261719,1.7374670505523682,,,,,,,,FALSE,0.01,TRUE,3,29,Amp,,0.78941903439658068,Y,N,Y,Y,N,N,N,75.285736083984375,N,88.186279296875,N,80.193557739257812,N,N,69.256134033203125
27,C3,FALSE,CR2Apal_36C_111,D,UNKNOWN,FAM,NFQ-MGB,30.532281875610352,30.721931457519531,0.26820635795593262,,,,,,,,FALSE,0.01,TRUE,3,29,Amp,,0.90360364219441136,N,N,N,Y,N,N,N,74.574188232421875,N,88.167037963867188,N,69.2491455078125,N,N,66.166229248046875
28,C4,FALSE,CR2Apal_36C_111,Apal,UNKNOWN,SYBR,None,19.91412353515625,20.052335739135742,0.19546157121658325,,,,,,,,FALSE,0.01,TRUE,3,19,Amp,,0.45642887017887507,Y,N,N,N,N,N,N,75.134712219238281,N,,N,,N,N,
29,C5,FALSE,CR2Apal_36C_111,A,UNKNOWN,FAM,NFQ-MGB,34.059684753417969,32.831108093261719,1.7374670505523682,,,,,,,,FALSE,0.01,TRUE,3,32,Inconclusive,,0.74801237208565574,Y,N,Y,Y,N,N,N,75.275222778320312,N,70.791542053222656,N,87.184982299804688,N,N,80.45947265625
30,C6,FALSE,CR2Apal_36C_111,D,UNKNOWN,FAM,NFQ-MGB,30.911582946777344,30.721931457519531,0.26820635795593262,,,,,,,,FALSE,0.01,TRUE,3,29,Amp,,0.91798693199039105,N,N,N,Y,N,N,N,74.714759826660156,N,83.261764526367188,N,79.478668212890625,N,N,
31,C7,FALSE,CR2Apal_36C_112,Apal,UNKNOWN,SYBR,None,18.944696426391602,18.701883316040039,0.3433896005153656,,,,,,,,FALSE,0.01,TRUE,3,17,Amp,,0.46406466344685321,Y,N,N,N,N,N,N,75.001106262207031,N,,N,,N,N,
32,C8,FALSE,CR2Apal_36C_112,A,UNKNOWN,FAM,NFQ-MGB,Undetermined,,,,,,,,,,FALSE,0.01,TRUE,3,39,No Amp,,0,Y,Y,N,Y,N,N,N,76.262725830078125,N,90.701217651367188,N,83.131523132324219,N,N,78.785957336425781
33,C9,FALSE,CR2Apal_36C_112,D,UNKNOWN,FAM,NFQ-MGB,27.162237167358398,26.859615325927734,0.42797327041625977,,,,,,,,FALSE,0.01,TRUE,3,26,Amp,,0.7511193050069398,Y,N,N,Y,N,N,N,74.455619812011719,N,90.172500610351562,N,,N,N,
34,C10,FALSE,CR2Apal_36C_112,Apal,UNKNOWN,SYBR,None,18.459070205688477,18.701883316040039,0.3433896005153656,,,,,,,,FALSE,0.01,TRUE,3,17,Amp,,0.4919087335936369,Y,N,N,N,N,N,N,75.157264709472656,N,,N,,N,N,
35,C11,FALSE,CR2Apal_36C_112,A,UNKNOWN,FAM,NFQ-MGB,Undetermined,,,,,,,,,,FALSE,0.01,TRUE,3,39,No Amp,,0,Y,Y,N,Y,N,N,N,91.83831787109375,N,65.471427917480469,N,76.130378723144531,N,N,78.935371398925781
36,C12,FALSE,CR2Apal_36C_112,D,UNKNOWN,FAM,NFQ-MGB,26.556991577148438,26.859615325927734,0.42797327041625977,,,,,,,,FALSE,0.01,TRUE,3,25,Amp,,0.66462687448499369,Y,N,N,Y,N,N,N,75.569381713867188,N,92.820053100585938,N,78.795120239257812,N,N,88.05157470703125
37,D1,FALSE,CR2Apal_36C_113,Apal,UNKNOWN,SYBR,None,21.25865364074707,21.60334587097168,0.487468421459198,,,,,,,,FALSE,0.01,TRUE,3,20,Amp,,0.41170240669828845,Y,N,N,N,N,N,N,74.724845886230469,N,,N,,N,N,
38,D2,FALSE,CR2Apal_36C_113,A,UNKNOWN,FAM,NFQ-MGB,Undetermined,,,,,,,,,,FALSE,0.01,TRUE,3,39,No Amp,,0,Y,Y,N,Y,N,N,N,77.669532775878906,N,92.953872680664062,N,89.86895751953125,N,N,68.555023193359375
39,D3,FALSE,CR2Apal_36C_113,D,UNKNOWN,FAM,NFQ-MGB,31.015844345092773,30.633335113525391,0.54094839096069336,,,,,,,,FALSE,0.01,TRUE,3,30,Amp,,0.89602254698611195,N,N,Y,Y,N,N,N,65.605705261230469,N,75.41497802734375,N,83.963066101074219,N,N,88.727569580078125
40,D4,FALSE,CR2Apal_36C_113,Apal,UNKNOWN,SYBR,None,21.948038101196289,21.60334587097168,0.487468421459198,,,,,,,,FALSE,0.01,TRUE,3,20,Amp,,0.52245093565896461,Y,N,N,N,N,N,N,74.994583129882812,N,,N,,N,N,
41,D5,FALSE,CR2Apal_36C_113,A,UNKNOWN,FAM,NFQ-MGB,Undetermined,,,,,,,,,,FALSE,0.01,TRUE,3,39,No Amp,,0,Y,Y,N,Y,N,N,N,76.11590576171875,N,92.9296875,N,63.365455627441406,N,N,67.428787231445312
42,D6,FALSE,CR2Apal_36C_113,D,UNKNOWN,FAM,NFQ-MGB,30.250827789306641,30.633335113525391,0.54094839096069336,,,,,,,,FALSE,0.01,TRUE,3,29,Amp,,0.90507786095008735,N,N,Y,Y,N,N,N,74.994987487792969,N,79.478668212890625,N,71.492118835449219,N,N,65.887527465820312
43,D7,FALSE,CR2Apal_36C_114,Apal,UNKNOWN,SYBR,None,21.372089385986328,21.471141815185547,0.14008128643035889,,,,,,,,FALSE,0.01,TRUE,3,20,Amp,,0.52778311500857877,Y,N,N,N,N,N,N,75.001106262207031,N,,N,,N,N,
44,D8,FALSE,CR2Apal_36C_114,A,UNKNOWN,FAM,NFQ-MGB,Undetermined,,,,,,,,,,FALSE,0.01,TRUE,3,39,No Amp,,0,Y,Y,N,Y,N,N,N,76.402900695800781,N,92.523544311523438,N,67.151054382324219,N,N,64.487640380859375
45,D9,FALSE,CR2Apal_36C_114,D,UNKNOWN,FAM,NFQ-MGB,30.436925888061523,30.433460235595703,0.0049025216139853001,,,,,,,,FALSE,0.01,TRUE,3,29,Amp,,0.91053208973454525,N,N,N,Y,N,N,N,74.736282348632812,N,69.965080261230469,N,84.138343811035156,N,N,92.979087829589844
46,D10,FALSE,CR2Apal_36C_114,Apal,UNKNOWN,SYBR,None,21.570194244384766,21.471141815185547,0.14008128643035889,,,,,,,,FALSE,0.01,TRUE,3,20,Amp,,0.61881519348187985,Y,N,N,N,N,N,N,75.157264709472656,N,,N,,N,N,
47,D11,FALSE,CR2Apal_36C_114,A,UNKNOWN,FAM,NFQ-MGB,Undetermined,,,,,,,,,,FALSE,0.01,TRUE,3,39,No Amp,,0,Y,Y,N,Y,N,N,N,76.831626892089844,N,71.502151489257812,N,93.100555419921875,N,N,89.454071044921875
48,D12,FALSE,CR2Apal_36C_114,D,UNKNOWN,FAM,NFQ-MGB,30.42999267578125,30.433460235595703,0.0049025216139853001,,,,,,,,FALSE,0.01,TRUE,3,29,Amp,,0.89997100383923057,N,N,N,Y,N,N,N,75.849884033203125,N,92.6798095703125,N,65.751922607421875,N,N,79.636611938476562
49,E1,FALSE,CR2Apal_36C_115,Apal,UNKNOWN,SYBR,None,21.226268768310547,20.976768493652344,0.35284668207168579,,,,,,,,FALSE,0.01,TRUE,3,20,Amp,,0.48152455325910493,Y,N,N,N,N,N,N,74.584625244140625,N,,N,,N,N,
50,E2,FALSE,CR2Apal_36C_115,A,UNKNOWN,FAM,NFQ-MGB,Undetermined,,,,,,,,,,FALSE,0.01,TRUE,3,35,No Amp,,0,Y,N,N,Y,N,N,N,76.407524108886719,N,66.591896057128906,N,91.130966186523438,N,N,82.577346801757812
51,E3,FALSE,CR2Apal_36C_115,D,UNKNOWN,FAM,NFQ-MGB,29.627035140991211,30.103036880493164,0.6731681227684021,,,,,,,,FALSE,0.01,TRUE,3,28,Amp,,0.67263825810925082,Y,N,Y,Y,N,N,N,81.580810546875,N,70.230072021484375,N,77.937362670898438,N,N,65.605705261230469
52,E4,FALSE,CR2Apal_36C_115,Apal,UNKNOWN,SYBR,None,20.727268218994141,20.976768493652344,0.35284668207168579,,,,,,,,FALSE,0.01,TRUE,3,19,Amp,,0.42700469671389196,Y,N,N,N,N,N,N,74.994583129882812,N,,N,,N,N,
53,E5,FALSE,CR2Apal_36C_115,A,UNKNOWN,FAM,NFQ-MGB,Undetermined,,,,,,,,,,FALSE,0.01,TRUE,3,39,No Amp,,0,Y,Y,N,Y,N,N,N,75.835678100585938,N,88.446014404296875,N,71.07177734375,N,N,80.739700317382812
54,E6,FALSE,CR2Apal_36C_115,D,UNKNOWN,FAM,NFQ-MGB,30.579038619995117,30.103036880493164,0.6731681227684021,,,,,,,,FALSE,0.01,TRUE,3,29,Amp,,0.91308516124875461,N,N,Y,Y,N,N,N,75.275222778320312,N,92.229110717773438,N,69.670623779296875,N,N,82.981536865234375
55,E7,FALSE,CR2Apal_36C_116,Apal,UNKNOWN,SYBR,None,19.423032760620117,19.701107025146484,0.39325639605522156,,,,,,,,FALSE,0.01,TRUE,3,18,Amp,,0.4346181526511208,Y,N,N,N,N,N,N,75.001106262207031,N,,N,,N,N,
56,E8,FALSE,CR2Apal_36C_116,A,UNKNOWN,FAM,NFQ-MGB,Undetermined,,,,,,,,,,FALSE,0.01,TRUE,3,39,No Amp,,0,Y,Y,N,N,N,N,N,76.963623046875,N,,N,,N,N,
57,E9,FALSE,CR2Apal_36C_116,D,UNKNOWN,FAM,NFQ-MGB,28.479213714599609,28.596609115600586,0.1660221666097641,,,,,,,,FALSE,0.01,TRUE,3,27,Amp,,0.77211463618453391,Y,N,N,Y,N,N,N,75.016937255859375,N,93.119415283203125,N,83.296363830566406,N,N,88.628875732421875
58,E10,FALSE,CR2Apal_36C_116,Apal,UNKNOWN,SYBR,None,19.979181289672852,19.701107025146484,0.39325639605522156,,,,,,,,FALSE,0.01,TRUE,3,18,Amp,,0.57008793759756715,Y,N,N,N,N,N,N,75.016937255859375,N,,N,,N,N,
59,E11,FALSE,CR2Apal_36C_116,A,UNKNOWN,FAM,NFQ-MGB,Undetermined,,,,,,,,,,FALSE,0.01,TRUE,3,39,No Amp,,0,Y,Y,N,Y,N,N,N,75.148635864257812,N,62.946937561035156,N,91.69805908203125,N,N,88.612579345703125
60,E12,FALSE,CR2Apal_36C_116,D,UNKNOWN,FAM,NFQ-MGB,28.714004516601562,28.596609115600586,0.1660221666097641,,,,,,,,FALSE,0.01,TRUE,3,27,Amp,,0.77433236172727593,Y,N,N,Y,N,N,N,88.472328186035156,N,81.880607604980469,N,74.868133544921875,N,N,93.381057739257812
61,F1,FALSE,CR2Apal_36C_117,Apal,UNKNOWN,SYBR,None,18.528871536254883,18.793054580688477,0.37361124157905579,,,,,,,,FALSE,0.01,TRUE,3,17,Amp,,0.3250833983836528,Y,N,N,N,N,N,N,74.724845886230469,N,,N,,N,N,
62,F2,FALSE,CR2Apal_36C_117,A,UNKNOWN,FAM,NFQ-MGB,33.788578033447266,33.788578033447266,,,,,,,,,FALSE,0.01,TRUE,3,32,Inconclusive,,0.78819242508525666,Y,N,N,Y,N,N,N,76.547744750976562,N,71.219261169433594,N,83.13824462890625,N,N,93.5147705078125
63,F3,FALSE,CR2Apal_36C_117,D,UNKNOWN,FAM,NFQ-MGB,29.579986572265625,28.632099151611328,1.3405139446258545,,,,,,,,FALSE,0.01,TRUE,3,28,Amp,,0.81814068524117278,N,N,Y,Y,N,N,N,74.153785705566406,N,93.7723388671875,N,90.549293518066406,N,N,87.466377258300781
64,F4,FALSE,CR2Apal_36C_117,Apal,UNKNOWN,SYBR,None,19.05723762512207,18.793054580688477,0.37361124157905579,,,,,,,,FALSE,0.01,TRUE,3,18,Amp,,0.42537306063341901,Y,N,N,N,N,N,N,74.854446411132812,N,,N,,N,N,
65,F5,FALSE,CR2Apal_36C_117,A,UNKNOWN,FAM,NFQ-MGB,Undetermined,33.788578033447266,,,,,,,,,FALSE,0.01,TRUE,3,39,No Amp,,0,Y,Y,N,Y,N,N,N,76.5362548828125,N,87.4652099609375,N,82.981536865234375,N,N,69.950851440429688
66,F6,FALSE,CR2Apal_36C_117,D,UNKNOWN,FAM,NFQ-MGB,27.684213638305664,28.632099151611328,1.3405139446258545,,,,,,,,FALSE,0.01,TRUE,3,25,Amp,,0.63806748872880037,Y,N,Y,Y,N,N,N,75.835678100585938,N,67.008445739746094,N,92.369232177734375,N,N,88.025665283203125
67,F7,FALSE,CR2Apal_36C_NEC1,Apal,UNKNOWN,SYBR,None,29.9285888671875,29.9285888671875,,,,,,,,,FALSE,0.01,TRUE,3,28,Amp,,0.54414423611004237,Y,N,N,N,N,N,N,74.720748901367188,N,,N,,N,N,
68,F8,FALSE,CR2Apal_36C_NEC1,A,UNKNOWN,FAM,NFQ-MGB,Undetermined,23.987707138061523,,,,,,,,,FALSE,0.01,TRUE,3,39,No Amp,,0,Y,Y,N,Y,N,N,N,88.177978515625,N,76.402900695800781,N,71.7769775390625,N,N,65.468902587890625
69,F9,FALSE,CR2Apal_36C_NEC1,D,UNKNOWN,FAM,NFQ-MGB,Undetermined,,,,,,,,,,FALSE,0.01,TRUE,3,39,No Amp,,0,Y,Y,N,Y,N,Y,N,75.016937255859375,N,88.207893371582031,N,65.334213256835938,N,N,93.259750366210938
70,F10,FALSE,CR2Apal_36C_NEC1,Apal,UNKNOWN,SYBR,None,Undetermined,29.9285888671875,,,,,,,,,FALSE,0.01,TRUE,3,39,No Amp,,0,Y,Y,N,Y,N,Y,N,83.436691284179688,N,93.400077819824219,N,89.751510620117188,N,N,74.595947265625
71,F11,FALSE,CR2Apal_36C_NEC1,A,UNKNOWN,FAM,NFQ-MGB,23.987707138061523,23.987707138061523,,,,,,,,,FALSE,0.01,TRUE,3,22,No Amp,,0.36286287554530006,Y,N,N,N,N,N,Y,94.923797607421875,Y,,N,,N,N,
72,F12,FALSE,CR2Apal_36C_NEC1,D,UNKNOWN,FAM,NFQ-MGB,Undetermined,,,,,,,,,,FALSE,0.01,TRUE,3,39,No Amp,,0,Y,Y,N,Y,N,N,N,77.392623901367188,N,66.032424926757812,N,87.350334167480469,N,N,90.576065063476562
73,G1,FALSE,CR2Apal_36C_NEC2,Apal,UNKNOWN,SYBR,None,30.945920944213867,30.354820251464844,0.83594262599945068,,,,,,,,FALSE,0.01,TRUE,3,30,Amp,,0.81772582681435879,N,N,Y,N,N,N,N,74.304176330566406,N,,N,,N,N,
74,G2,FALSE,CR2Apal_36C_NEC2,A,UNKNOWN,FAM,NFQ-MGB,Undetermined,,,,,,,,,,FALSE,0.01,TRUE,3,39,No Amp,,0,Y,Y,N,Y,N,N,N,75.145515441894531,N,79.77288818359375,N,84.540473937988281,N,N,89.308067321777344
75,G3,FALSE,CR2Apal_36C_NEC2,D,UNKNOWN,FAM,NFQ-MGB,Undetermined,,,,,,,,,,FALSE,0.01,TRUE,3,39,No Amp,,0,Y,Y,N,Y,N,Y,N,74.293914794921875,N,63.503715515136719,N,84.243331909179688,N,N,88.727569580078125
76,G4,FALSE,CR2Apal_36C_NEC2,Apal,UNKNOWN,SYBR,None,29.76371955871582,30.354820251464844,0.83594262599945068,,,,,,,,FALSE,0.01,TRUE,3,29,Amp,,0.53776219826019089,Y,N,Y,N,N,N,N,74.714317321777344,N,,N,,N,N,
77,G5,FALSE,CR2Apal_36C_NEC2,A,UNKNOWN,FAM,NFQ-MGB,Undetermined,,,,,,,,,,FALSE,0.01,TRUE,3,39,No Amp,,0,Y,Y,N,Y,N,N,N,75.555450439453125,N,93.910491943359375,N,79.899009704589844,N,N,83.822219848632812
78,G6,FALSE,CR2Apal_36C_NEC2,D,UNKNOWN,FAM,NFQ-MGB,Undetermined,,,,,,,,,,FALSE,0.01,TRUE,3,39,No Amp,,0,Y,Y,N,Y,N,N,N,73.593841552734375,N,61.543964385986328,N,88.446014404296875,N,N,78.49786376953125
79,G7,FALSE,CR2Apal_36C_NEC1_BOAT,Apal,UNKNOWN,SYBR,None,Undetermined,,,,,,,,,,FALSE,0.01,TRUE,3,9,No Amp,,0,Y,N,N,N,N,N,N,63.646568298339844,Y,,N,,N,N,
80,G8,FALSE,CR2Apal_36C_NEC1_BOAT,A,UNKNOWN,FAM,NFQ-MGB,Undetermined,,,,,,,,,,FALSE,0.01,TRUE,3,39,No Amp,,0,Y,Y,N,Y,N,N,N,76.683258056640625,N,88.598526000976562,N,79.907394409179688,N,N,92.243194580078125
81,G9,FALSE,CR2Apal_36C_NEC1_BOAT,D,UNKNOWN,FAM,NFQ-MGB,Undetermined,,,,,,,,,,FALSE,0.01,TRUE,3,39,No Amp,,0,Y,Y,N,Y,N,Y,N,74.876609802246094,N,88.769210815429688,N,84.699661254882812,N,N,68.842445373535156
82,G10,FALSE,CR2Apal_36C_NEC1_BOAT,Apal,UNKNOWN,SYBR,None,Undetermined,,,,,,,,,,FALSE,0.01,TRUE,3,39,No Amp,,0,Y,Y,N,N,N,N,N,88.348220825195312,Y,,N,,N,N,
83,G11,FALSE,CR2Apal_36C_NEC1_BOAT,A,UNKNOWN,FAM,NFQ-MGB,Undetermined,,,,,,,,,,FALSE,0.01,TRUE,3,39,No Amp,,0,Y,Y,N,Y,N,N,N,88.752822875976562,N,62.946937561035156,N,76.130378723144531,N,N,71.642402648925781
84,G12,FALSE,CR2Apal_36C_NEC1_BOAT,D,UNKNOWN,FAM,NFQ-MGB,Undetermined,,,,,,,,,,FALSE,0.01,TRUE,3,39,No Amp,,0,Y,Y,N,Y,N,N,N,74.307136535644531,N,65.611679077148438,N,89.0333251953125,N,N,80.758613586425781
85,H1,FALSE,NTC,Apal,UNKNOWN,SYBR,None,10.155969619750977,10.015829086303711,0.19818796217441559,,,,,,,,FALSE,0.01,TRUE,3,8,No Amp,,0.28736579330672823,Y,N,N,N,N,N,N,62.385196685791016,N,,N,,N,Y,
86,H2,FALSE,NTC,A,UNKNOWN,FAM,NFQ-MGB,Undetermined,,,,,,,,,,FALSE,0.01,TRUE,3,8,No Amp,,0,Y,N,N,Y,N,N,N,75.706405639648438,N,91.271194458007812,N,80.614227294921875,N,N,84.961143493652344
87,H3,FALSE,NTC,D,UNKNOWN,FAM,NFQ-MGB,Undetermined,,,,,,,,,,FALSE,0.01,TRUE,3,39,No Amp,,0,Y,Y,N,Y,N,N,N,63.083316802978516,N,87.74664306640625,N,90.128890991210938,N,N,74.434051513671875
94,H10,FALSE,+,Apal,UNKNOWN,SYBR,None,36.324253082275391,31.570426940917969,6.7229242324829102,,,,,,,,FALSE,0.01,TRUE,3,39,No Amp,,0,Y,Y,Y,N,Y,N,N,69.965080261230469,Y,,Y,,Y,N,
95,H11,FALSE,+,A,UNKNOWN,FAM,NFQ-MGB,23.861797332763672,19.380132675170898,6.3380308151245117,,,,,,,,FALSE,0.01,TRUE,3,21,No Amp,,0,Y,N,Y,N,Y,N,N,82.161102294921875,Y,,Y,,Y,N,
96,H12,FALSE,+,D,UNKNOWN,FAM,NFQ-MGB,13.790026664733887,13.725119590759277,0.091792464256286621,,,,,,,,FALSE,0.01,TRUE,3,12,Amp,,0.59953411022160341,Y,N,N,Y,N,N,N,76.551132202148438,N,81.7403564453125,N,69.819160461425781,N,N,65.892173767089844
